[{"tag":"h1","refreshOnChange":true,"content":"Real Time Customer Data","key":"label","input":false,"placeholder":"","prefix":"","customClass":"","suffix":"","multiple":false,"defaultValue":null,"protected":false,"unique":false,"persistent":false,"hidden":false,"clearOnHide":true,"refreshOn":"","redrawOn":"","tableView":false,"modalEdit":false,"label":"Label","labelPosition":"top","description":"","errorLabel":"","tooltip":"","hideLabel":false,"tabindex":"","disabled":false,"autofocus":false,"dbIndex":false,"customDefaultValue":"","calculateValue":"","widget":null,"attributes":{},"validateOn":"change","validate":{"required":false,"custom":"","customPrivate":false,"strictDateValidation":false,"multiple":false,"unique":false},"conditional":{"show":null,"when":null,"eq":""},"overlay":{"style":"","left":"","top":"","width":"","height":""},"allowCalculateOverride":false,"encrypted":false,"showCharCount":false,"showWordCount":false,"properties":{},"allowMultipleMasks":false,"type":"label","attrs":[],"id":"ee8o1bs"},{"components":[{"label":"Personal Information","key":"personalInfoTab","components":[{"label":"Customer Name","labelPosition":"top","placeholder":"Please enter customer name","description":"","prefix":"","suffix":"","widget":{"type":"input"},"inputMask":"","hidden":false,"hideLabel":false,"showWordCount":false,"showCharCount":false,"disabled":false,"tableView":true,"validateOn":"change","validate":{"required":true,"pattern":"","customMessage":"","minLength":"","maxLength":"","custom":"","customPrivate":false,"strictDateValidation":false,"multiple":false,"unique":false},"errorLabel":"","key":"customerName","conditional":{"show":null,"when":null,"eq":""},"type":"textfield","input":true,"customClass":"","multiple":false,"protected":false,"unique":false,"persistent":true,"clearOnHide":true,"refreshOn":"","redrawOn":"","modalEdit":false,"tooltip":"","tabindex":"","autofocus":false,"dbIndex":false,"customDefaultValue":"","calculateValue":"","attributes":{},"overlay":{"style":"","left":"","top":"","width":"","height":""},"allowCalculateOverride":false,"encrypted":false,"properties":{},"allowMultipleMasks":false,"mask":false,"inputType":"text","inputFormat":"plain","id":"ersb2h","defaultValue":""},{"label":"Present Address","labelPosition":"top","placeholder":"Please  enter your address here","description":"","widget":{"type":"input"},"hidden":false,"hideLabel":false,"showWordCount":false,"showCharCount":false,"disabled":false,"tableView":true,"validateOn":"change","validate":{"required":false,"pattern":"","customMessage":"","minLength":"","maxLength":"","minWords":"","maxWords":"","custom":"","customPrivate":false,"strictDateValidation":false,"multiple":false,"unique":false},"errorLabel":"","key":"customerAddress","conditional":{"show":null,"when":null,"eq":""},"type":"textarea","rows":4,"wysiwyg":false,"input":true,"prefix":"","customClass":"","suffix":"","multiple":false,"protected":false,"unique":false,"persistent":true,"clearOnHide":true,"refreshOn":"","redrawOn":"","modalEdit":false,"tooltip":"","tabindex":"","autofocus":false,"dbIndex":false,"customDefaultValue":"","calculateValue":"","attributes":{},"overlay":{"style":"","left":"","top":"","width":"","height":""},"allowCalculateOverride":false,"encrypted":false,"properties":{},"allowMultipleMasks":false,"mask":false,"inputType":"text","inputFormat":"html","inputMask":"","editor":"","id":"ebdnjs","defaultValue":""},{"label":"Gender","labelPosition":"top","optionsLabelPosition":"right","description":"","inline":false,"hidden":false,"hideLabel":false,"disabled":false,"tableView":false,"values":[{"label":"Male","value":"male","shortcut":""},{"label":"Female","value":"female","shortcut":""},{"label":"Other","value":"other","shortcut":""}],"validate":{"required":true,"customMessage":"","custom":"","customPrivate":false,"strictDateValidation":false,"multiple":false,"unique":false},"errorLabel":"","key":"customerGender","conditional":{"show":null,"when":null,"eq":""},"type":"radio","input":true,"placeholder":"","prefix":"","customClass":"","suffix":"","multiple":false,"protected":false,"unique":false,"persistent":true,"clearOnHide":true,"refreshOn":"","redrawOn":"","modalEdit":false,"tooltip":"","tabindex":"","autofocus":false,"dbIndex":false,"customDefaultValue":"","calculateValue":"","widget":null,"attributes":{},"validateOn":"change","overlay":{"style":"","left":"","top":"","width":"","height":""},"allowCalculateOverride":false,"encrypted":false,"showCharCount":false,"showWordCount":false,"properties":{},"allowMultipleMasks":false,"inputType":"radio","fieldSet":false,"id":"ehg63qi","defaultValue":""},{"label":"Email id","labelPosition":"top","placeholder":"jondoe@ac.com","description":"","widget":{"type":"input"},"hidden":false,"hideLabel":false,"showWordCount":false,"showCharCount":false,"disabled":false,"tableView":true,"validateOn":"change","validate":{"required":true,"pattern":"^([a-zA-Z0-9_\\-\\.]+)@([a-zA-Z0-9_\\-\\.]+)\\.([a-zA-Z]{2,5})$","customMessage":"","minLength":"","maxLength":"","minWords":"","maxWords":"","custom":"","customPrivate":false,"strictDateValidation":false,"multiple":false,"unique":false},"errorLabel":"Please enter valid email id","key":"customerEmail","conditional":{"show":null,"when":null,"eq":""},"type":"textarea","rows":1,"wysiwyg":false,"input":true,"prefix":"","customClass":"","suffix":"","multiple":false,"protected":false,"unique":false,"persistent":true,"clearOnHide":true,"refreshOn":"","redrawOn":"","modalEdit":false,"tooltip":"","tabindex":"","autofocus":false,"dbIndex":false,"customDefaultValue":"","calculateValue":"","attributes":{},"overlay":{"style":"","left":"","top":"","width":"","height":""},"allowCalculateOverride":false,"encrypted":false,"properties":{},"allowMultipleMasks":false,"mask":false,"inputType":"text","inputFormat":"html","inputMask":"","editor":"","id":"efzrwkr","defaultValue":""},{"label":"Contact Number","labelPosition":"top","description":"","prefix":"+91","suffix":"","widget":{"type":"input"},"inputMask":"(999) 999-9999","hidden":false,"hideLabel":false,"disabled":false,"tableView":true,"validateOn":"change","validate":{"required":true,"customMessage":"","custom":"","customPrivate":false,"strictDateValidation":false,"multiple":false,"unique":false,"minLength":"","maxLength":"","pattern":""},"errorLabel":"","key":"customerMobileNumber","conditional":{"show":null,"when":null,"eq":""},"type":"phoneNumber","input":true,"placeholder":"","customClass":"","multiple":false,"protected":false,"unique":false,"persistent":true,"clearOnHide":true,"refreshOn":"","redrawOn":"","modalEdit":false,"tooltip":"","tabindex":"","autofocus":false,"dbIndex":false,"customDefaultValue":"","calculateValue":"","attributes":{},"overlay":{"style":"","left":"","top":"","width":"","height":""},"allowCalculateOverride":false,"encrypted":false,"showCharCount":false,"showWordCount":false,"properties":{},"allowMultipleMasks":false,"mask":false,"inputType":"tel","inputFormat":"plain","id":"euq524h","defaultValue":""},{"label":"Date Of Birth","hideInputLabels":false,"inputsLabelPosition":"top","description":"","hidden":false,"hideLabel":false,"disabled":false,"tableView":false,"fields":{"day":{"type":"number","placeholder":"","hide":false,"required":true},"month":{"type":"select","placeholder":"","hide":false,"required":true},"year":{"type":"number","placeholder":"","hide":false,"required":true,"minYear":1980,"maxYear":2020}},"dayFirst":false,"validateOn":"change","maxDate":"","minDate":"","errorLabel":"","validate":{"customMessage":"","required":false,"custom":"","customPrivate":false,"strictDateValidation":false,"multiple":false,"unique":false},"key":"customerDOB","conditional":{"show":null,"when":null,"eq":""},"type":"day","input":true,"placeholder":"","prefix":"","customClass":"","suffix":"","multiple":false,"defaultValue":null,"protected":false,"unique":false,"persistent":true,"clearOnHide":true,"refreshOn":"","redrawOn":"","modalEdit":false,"labelPosition":"top","tooltip":"","tabindex":"","autofocus":false,"dbIndex":false,"customDefaultValue":"","calculateValue":"","widget":null,"attributes":{},"overlay":{"style":"","left":"","top":"","width":"","height":""},"allowCalculateOverride":false,"encrypted":false,"showCharCount":false,"showWordCount":false,"properties":{},"allowMultipleMasks":false,"id":"ev0n4gx","maxYear":2020,"minYear":1980}]},{"label":"Product Informatin","key":"productInfoTab","components":[{"label":"Customer ID / Product Serial Number","labelPosition":"top","placeholder":"","description":"","prefix":"PSN","suffix":"","widget":{"type":"input"},"hidden":false,"hideLabel":false,"disabled":false,"tableView":false,"delimiter":false,"requireDecimal":false,"validateOn":"","validate":{"required":true,"customMessage":"","min":"","max":"","custom":"","customPrivate":false,"strictDateValidation":false,"multiple":false,"unique":false,"step":"any","integer":""},"errorLabel":"","key":"productSerialNumber","conditional":{"show":null,"when":null,"eq":""},"type":"number","input":true,"customClass":"","multiple":false,"protected":false,"unique":false,"persistent":true,"clearOnHide":true,"refreshOn":"","redrawOn":"","modalEdit":false,"tooltip":"","tabindex":"","autofocus":false,"dbIndex":false,"customDefaultValue":"","calculateValue":"","attributes":{},"overlay":{"style":"","left":"","top":"","width":"","height":""},"allowCalculateOverride":false,"encrypted":false,"showCharCount":false,"showWordCount":false,"properties":{},"allowMultipleMasks":false,"id":"ekmfl4k","defaultValue":null},{"label":"Date of purchase","hideInputLabels":false,"inputsLabelPosition":"top","description":"","hidden":false,"hideLabel":false,"disabled":false,"tableView":false,"fields":{"day":{"type":"number","placeholder":"","hide":false,"required":false},"month":{"type":"select","placeholder":"","hide":false,"required":false},"year":{"type":"number","placeholder":"","hide":false,"required":false,"minYear":1900,"maxYear":2020}},"dayFirst":false,"validateOn":"change","maxDate":"","minDate":"","errorLabel":"","validate":{"customMessage":"","required":false,"custom":"","customPrivate":false,"strictDateValidation":false,"multiple":false,"unique":false},"key":"productDateOfPurchase","conditional":{"show":null,"when":null,"eq":""},"type":"day","input":true,"placeholder":"","prefix":"","customClass":"","suffix":"","multiple":false,"defaultValue":null,"protected":false,"unique":false,"persistent":true,"clearOnHide":true,"refreshOn":"","redrawOn":"","modalEdit":false,"labelPosition":"top","tooltip":"","tabindex":"","autofocus":false,"dbIndex":false,"customDefaultValue":"","calculateValue":"","widget":null,"attributes":{},"overlay":{"style":"","left":"","top":"","width":"","height":""},"allowCalculateOverride":false,"encrypted":false,"showCharCount":false,"showWordCount":false,"properties":{},"allowMultipleMasks":false,"id":"evx2lp","maxYear":2020,"minYear":1900},{"label":"Product purchased amount","labelPosition":"top","placeholder":"","description":"","prefix":"","suffix":"INR","widget":{"type":"input"},"hidden":false,"hideLabel":false,"disabled":false,"tableView":false,"currency":"INR","validateOn":"change","validate":{"required":false,"customMessage":"","custom":"","customPrivate":false,"strictDateValidation":false,"multiple":false,"unique":false,"min":"","max":"","step":"any","integer":""},"errorLabel":"","key":"productPurchasedAmount","conditional":{"show":null,"when":null,"eq":""},"type":"currency","input":true,"delimiter":true,"customClass":"","multiple":false,"protected":false,"unique":false,"persistent":true,"clearOnHide":true,"refreshOn":"","redrawOn":"","modalEdit":false,"tooltip":"","tabindex":"","autofocus":false,"dbIndex":false,"customDefaultValue":"","calculateValue":"","attributes":{},"overlay":{"style":"","left":"","top":"","width":"","height":""},"allowCalculateOverride":false,"encrypted":false,"showCharCount":false,"showWordCount":false,"properties":{},"allowMultipleMasks":false,"id":"e473gw8","defaultValue":null},{"label":"Survey","labelPosition":"top","description":"","hidden":false,"hideLabel":false,"disabled":false,"tableView":false,"questions":[{"label":"Service rating","value":"serviceRating"},{"label":"Product quality","value":"productQuality"}],"values":[{"label":"Extreemly Good","value":"extreemlyGood"},{"label":"Good","value":"good"},{"label":"Need to Improve","value":"needToImprove"}],"validate":{"required":false,"customMessage":"","custom":"","customPrivate":false,"strictDateValidation":false,"multiple":false,"unique":false},"errorLabel":"","key":"productSurveyResults","conditional":{"show":null,"when":null,"eq":""},"type":"survey","input":true,"placeholder":"","prefix":"","customClass":"","suffix":"","multiple":false,"protected":false,"unique":false,"persistent":true,"clearOnHide":true,"refreshOn":"","redrawOn":"","modalEdit":false,"tooltip":"","tabindex":"","autofocus":false,"dbIndex":false,"customDefaultValue":"","calculateValue":"","widget":null,"attributes":{},"validateOn":"change","overlay":{"style":"","left":"","top":"","width":"","height":""},"allowCalculateOverride":false,"encrypted":false,"showCharCount":false,"showWordCount":false,"properties":{},"allowMultipleMasks":false,"id":"eop3cy7","defaultValue":{}},{"label":"Submit","showValidations":false,"theme":"primary","size":"md","block":false,"leftIcon":"","rightIcon":"","disableOnInvalid":false,"hidden":false,"disabled":false,"tableView":false,"key":"submitCustomerForm","properties":{},"conditional":{"show":null,"when":null,"eq":""},"type":"button","input":true,"placeholder":"","prefix":"","customClass":"","suffix":"","multiple":false,"defaultValue":null,"protected":false,"unique":false,"persistent":false,"clearOnHide":true,"refreshOn":"","redrawOn":"","modalEdit":false,"labelPosition":"top","description":"","errorLabel":"","tooltip":"","hideLabel":false,"tabindex":"","autofocus":false,"dbIndex":false,"customDefaultValue":"","calculateValue":"","widget":{"type":"input"},"attributes":{},"validateOn":"change","validate":{"required":false,"custom":"","customPrivate":false,"strictDateValidation":false,"multiple":false,"unique":false},"overlay":{"style":"","left":"","top":"","width":"","height":""},"allowCalculateOverride":false,"encrypted":false,"showCharCount":false,"showWordCount":false,"allowMultipleMasks":false,"action":"submit","dataGridLabel":true,"id":"ekg981b"}]}],"key":"tabs1","conditional":{"show":null,"when":null,"eq":""},"type":"tabs","input":false,"tableView":false,"label":"Tabs","placeholder":"","prefix":"","customClass":"","suffix":"","multiple":false,"defaultValue":null,"protected":false,"unique":false,"persistent":false,"hidden":false,"clearOnHide":true,"refreshOn":"","redrawOn":"","modalEdit":false,"labelPosition":"top","description":"","errorLabel":"","tooltip":"","hideLabel":false,"tabindex":"","disabled":false,"autofocus":false,"dbIndex":false,"customDefaultValue":"","calculateValue":"","widget":null,"attributes":{},"validateOn":"change","validate":{"required":false,"custom":"","customPrivate":false,"strictDateValidation":false,"multiple":false,"unique":false},"overlay":{"style":"","left":"","top":"","width":"","height":""},"allowCalculateOverride":false,"encrypted":false,"showCharCount":false,"showWordCount":false,"properties":{},"allowMultipleMasks":false,"tree":false,"id":"e367l8n"}]